<?xml version="1.0" encoding="UTF-8"?>
<Configuration status="WARN" monitorInterval="15">
    <properties>
        <property name="LOG_HOME">logs</property>
        <property name="PATTERN_FORMAT">%d{HH:mm:ss.SSS} [%t] [%-5level] %c{1.}%M(%L) - %msg%n</property>
    </properties>

    <Appenders>
        <Console name="Console" target="SYSTEM_OUT">
            <PatternLayout pattern="${PATTERN_FORMAT}" />
            <ThresholdFilter level="DEBUG" onMatch="ACCEPT" onMismatch="NEUTRAL" />
        </Console>

        <RollingRandomAccessFile name="InfoFile"
                                 fileName="${LOG_HOME}/info.log"
                                 filePattern="${LOG_HOME}/$${date:yyyy-MM-dd}/info-%d{yyyy-MM-dd}-%i.log.zip">
            <Filters>
                <ThresholdFilter level="WARN" onMatch="DENY" onMismatch="NEUTRAL" />
                <ThresholdFilter level="INFO" onMatch="ACCEPT" onMismatch="DENY" />
            </Filters>
            <PatternLayout pattern="${PATTERN_FORMAT}" />
            <Policies>
                <TimeBasedTriggeringPolicy />
                <SizeBasedTriggeringPolicy size="150 MB" />
            </Policies>
            <DefaultRolloverStrategy max="20" >
                <Delete basePath="${LOG_HOME}/" maxDepth="5">
                    <IfFileName glob="*info*.log.zip"/>
                </Delete>
            </DefaultRolloverStrategy>
        </RollingRandomAccessFile>

        <RollingRandomAccessFile name="ErrorFile"
                                 fileName="${LOG_HOME}/error.log"
                                 filePattern="${LOG_HOME}/$${date:yyyy-MM-dd}/error-%d{yyyy-MM-dd}-%i.log.zip">
            <Filters>
                <ThresholdFilter level="FATAL" onMatch="DENY" onMismatch="NEUTRAL" />
                <ThresholdFilter level="WARN" onMatch="ACCEPT" onMismatch="DENY" />
            </Filters>
            <PatternLayout pattern="${PATTERN_FORMAT}" />
            <Policies>
                <TimeBasedTriggeringPolicy />
                <SizeBasedTriggeringPolicy size="100 MB" />
            </Policies>
            <DefaultRolloverStrategy max="15" >
                <Delete basePath="${LOG_HOME}/" maxDepth="5">
                    <IfFileName glob="*error*.log.zip"/>
                </Delete>
            </DefaultRolloverStrategy>
        </RollingRandomAccessFile>

        <RollingRandomAccessFile name="FatalFile"
                                 fileName="${LOG_HOME}/fatal.log"
                                 filePattern="${LOG_HOME}/$${date:yyyy-MM}/fatal-%d{yyyy-MM-dd}-%i.log.zip">
            <Filters>
                <ThresholdFilter level="FATAL" onMatch="ACCEPT" onMismatch="DENY" />
            </Filters>
            <PatternLayout pattern="${PATTERN_FORMAT}" />
            <Policies>
                <TimeBasedTriggeringPolicy />
                <SizeBasedTriggeringPolicy size="50 MB" />
            </Policies>
            <DefaultRolloverStrategy max="5" >
                <Delete basePath="${LOG_HOME}/" maxDepth="5">
                    <IfFileName glob="*fatal*.log.zip"/>
                </Delete>
            </DefaultRolloverStrategy>
        </RollingRandomAccessFile>

        <!--druid的日志记录追加器-->
        <RollingRandomAccessFile name="SqlFile"
                                 fileName="${LOG_HOME}/sql.log"
                                 filePattern="${LOG_HOME}/$${date:yyyy-MM}/fatal-%d{yyyy-MM-dd}-%i.log.zip">
            <PatternLayout pattern="${PATTERN_FORMAT}" />
            <Policies>
                <TimeBasedTriggeringPolicy />
                <SizeBasedTriggeringPolicy size="300 MB" />
            </Policies>
            <DefaultRolloverStrategy max="5" >
                <Delete basePath="${LOG_HOME}/" maxDepth="5">
                    <IfFileName glob="*sql*.log.zip"/>
                </Delete>
            </DefaultRolloverStrategy>
        </RollingRandomAccessFile>
    </Appenders>

    <Loggers>
        <!--log4j2 过滤日志-->
        <Logger name="org.apache.catalina.startup.DigesterFactory" level="error" />
        <Logger name="org.apache.catalina.util.LifecycleBase" level="error" />
        <Logger name="org.apache.coyote.http11.Http11NioProtocol" level="warn" />
        <logger name="org.apache.sshd.common.util.SecurityUtils" level="warn"/>
        <Logger name="org.apache.tomcat.util.net.NioSelectorPool" level="warn" />
        <Logger name="org.crsh.plugin" level="warn" />
        <logger name="org.crsh.ssh" level="warn"/>
        <Logger name="org.eclipse.jetty.util.component.AbstractLifeCycle" level="error" />
        <Logger name="org.hibernate.validator.internal.util.Version" level="warn" />
        <logger name="org.springframework.boot.actuate.autoconfigure.CrshAutoConfiguration" level="warn"/>
        <logger name="org.springframework.boot.actuate.endpoint.jmx" level="warn"/>
        <logger name="org.thymeleaf" level="warn"/>
        <Logger name="org.springframework" level="INFO"/>
        <Logger name="org.thymeleaf" level="WARN"/>
        <Logger name="com.gargoylesoftware.htmlunit" level="WARN"/>

        <!--记录druid-sql的记录-->
        <logger name="druid.sql.Statement" level="debug" additivity="false">
            <appender-ref ref="SqlFile"/>
        </logger>
        <Root level="DEBUG">
            <AppenderRef ref="Console"/>
            <AppenderRef ref="InfoFile" />
            <AppenderRef ref="ErrorFile" />
            <AppenderRef ref="FatalFile" />
        </Root>
    </Loggers>
</Configuration>